id,thema,kurztitel,jahr,zusammenfassung,jahrBis
1,Zum Verständnis deutscher Freiheitsbewegungen,Zum Verständnis deutscher Freiheitsbewegungen,1973,"Den ersten drei Ausschreibungen des Geschichtswettbewerbs lag vor allem der Gedanke staatsbürgerlicher Aufklärung zugrunde: Durch die Erforschung bedeutender Freiheitsbewegungen sollten die Teilnehmenden zur Auseinandersetzung mit den demokratischen Traditionen der deutschen Geschichte angeregt werden. Im Mittelpunkt der historischen Spurensuche stand dabei nicht die Geschichte, wie sie im Schulbuch steht, sondern das selbständige Forschen bzw. forschend-entdeckende Lernen vor Ort: Die Jugendlichen erleben auf diese Weise Geschichte „live“ und suchen dort nach Überresten der Vergangenheit, wo sie an eigene biographische Erfahrungen anknüpfen können, z.B. an ihrem Wohnort oder in der Region, in ihrer Familie oder der eigenen Nachbarschaft. Diese Idee traf in einer Zeit allgemeiner Geschichtsmüdigkeit auf eine unerwartet große Resonanz. Die jungen Forschenden suchten in Heimatchroniken nach den Spuren von Aufsässigkeit und Widerstand, recherchierten in Archiven Dokumente über längst vergessene Revolutionäre und befragten zahlreiche Zeitzeugen zum demokratischen Neubeginn nach dem Ende des Zweiten Weltkrieges. In ihren 4 Arbeiten zeichneten die insgesamt 12 Münsteraner Teilnehmenden v.a. die Verläufe regionaler Bauernrevolten und Arbeiteraufstände nach, so forschte ein Schüler zur Revolutionszeit in Münster in den Jahren 1840 bis 1850, andere Schüler legten einen Schwerpunkt auf die Bürgeraktionen im Juni 1919, zu denen ein Kellnerstreik zählte. Die Schüler schilderten die Lebensgeschichten von Freiheitskämpfern und gaben Einblicke in die Gründungsgeschichte demokratischer Parteien nach dem Zweiten Weltkrieg, z.B. wurde die Entwicklung der SPD, der FDP und der CDU in den Jahren 1945 und 1946 im Raume Münster/Westfalen erforscht.",1976
2,"Sozialgeschichte des Alltags (Arbeit, Wohnen, Freizeit)","Sozialgeschichte des Alltags (Arbeit, Wohnen, Freizeit)",1977,"Mit drei Ausschreibungen zur Sozialgeschichte des Alltags ging der Wettbewerb ab 1977 neue Wege. Die Idee einer Demokratisierung des Geschichtsbildes wurde nun noch stärker inhaltlich gefüllt: Die Spurensuche zu Arbeit, Wohnen und Freizeit führte unmittelbar in die Lebens- und Erfahrungswelt großer Teile der Bevölkerung und nicht zuletzt in die der Teilnehmenden. Noch vor der „Geschichte von unten“-Bewegung, die in den Folgejahren den Alltag zum Forschungsfeld für eine Vielzahl lokaler Geschichtsinitiativen werden ließ, erprobte der Geschichtswettbewerb die alltagsgeschichtliche Spurensuche. Die Jugendlichen untersuchten zum Beispiel, warum bestimmte Berufe „ausgestorben“ sind, wie Maschinen den Arbeitsprozess veränderten oder welche Auswirkungen Schichtarbeit auf die Familien haben konnte. Sie gingen den Veränderungen der Wohnverhältnisse nach und hinterfragten, wie die betroffenen Menschen ihre Wohnsituation empfanden. Sie erkundeten außerdem, wie viel Freizeit die Menschen in der Vergangenheit hatten und wie sich die Freizeitgestaltung im Laufe der Zeit verändert hat.Insgesamt reichten mindestens 59 interessierte Kinder und Jugendliche 33 Beiträge in Münster ein. Sie beschäftigten sich u.a. mit den Wohn- und Lebensverhältnissen armer Bevölkerungsschichten seit ca. 1780 in Münster, mit dem Freizeitverhalten der Bevölkerung Münsters und wie sich dieses innerhalb von zwei Jahrhunderten veränderte und recherchierten zum Kleingartenwesen in Münster am Beispiel des Kleingartenvereins „Münster-Nord“.",1979
3,"Unbewältigte Zeitgeschichte (Nationalsozialismus, Nachkrieg)","Unbewältigte Zeitgeschichte (Nationalsozialismus, Nachkrieg)",1980,"Rund 40 Prozent der Jugendlichen und Erwachsenen verfolgten 1978 die Erstausstrahlung der amerikanischen Fernsehserie „Holocaust“, die am Beispiel des Schicksals einer Familie die Verfolgung und Ermordung von sechs Millionen europäischer Juden durch die Nationalsozialisten erzählte. Ein besonders brisantes Kapitel der deutschen Geschichte wurde so zum aufrüttelnden Medienereignis. In Familien, Schulen und Betrieben wurden Fragen nach der Mitschuld, nach Wissen und Nichtwissen diskutiert. Der Geschichtswettbewerb setzte der oftmals ohnmächtigen Betroffenheit die konkrete historische Recherche entgegen: Die Jugendlichen untersuchten das Eindringen des Nationalsozialismus in den Schulalltag und in Jugendorganisationen, verfolgten das Schicksal jüdischer Familien aus der Nachbarschaft, entdeckten in ihrem Ort ehemalige KZ-Außenlager, beleuchteten den religiösen Widerstand von Geistlichen oder beschrieben die Auswirkungen der Machtergreifung am Beispiel ihrer eigenen Stadt. Zahlreiche Arbeiten befassten sich mit dem Schicksal der rund zehn Millionen Kriegsgefangenen und Zwangsarbeiter in Deutschland – ein Thema, dem weder in den Schulbüchern noch in der Forschung zuvor größere Aufmerksamkeit geschenkt worden war. Die große öffentliche Resonanz auf die Ausschreibungen zur „unbewältigten Zeitgeschichte“ zeigte, dass der Wettbewerb mit dem Thema „Nationalsozialismus“ den Nerv der Zeit traf. Weit über 50 Spurensuchende aus Münster reichten insgesamt 37 Beiträge bei der Körber-Stiftung ein. Sie forschten zu Themen wie „Westfälische Frauen am Anfang des Dritten Reiches“, befragten diverse Zeitzeuginnen und Zeitzeugen zu „Erlebnissen und Erinnerungen an die Kriegsjahre in Münster und Münsterland“ oder recherchierten die Geschichte von Institutionen während des Kriegs. Ein Beitrag beschäftigt sich z.B. mit der Geschichte der Raphaelsklinik in Münster in den Jahren von 1939 bis 1945.",1985
4,Umwelt hat Geschichte,Umwelt hat Geschichte,1986,"Als 1986 der Wettbewerb zur Geschichte der Umwelt ausgeschrieben wurde, hatte wenige Monate zuvor eine Katastrophe die Aktualität des Themas auf dramatische Weise ins Bewusstsein gerückt: Im ukrainischen Atomkraftwerk Tschernobyl kam es am 26. April 1986 zum GAU. Große Mengen radioaktiven Materials wurden freigesetzt und belasteten weite Teile der Sowjetunion und Europas. „Umwelt hat Geschichte“ fordert die Teilnehmenden dazu auf, sich einem Thema zu nähern, das in keinem Schulbuch vorkommt. Die Ausschreibung gliederte Umweltgeschichte in vier Schwerpunktbereiche: Wasser, Schadstoffe, Grün und Alternativbewegungen. Unter „Wasser“ wurden speziell die Gattung der Bach- und Flussbiographien verstanden, unter dem Stichwort „Schadstoffe“ fasste die Körber-Stiftung Themen wie Proteste gegen umweltschädigende Industrien, Geschichte chemischer Schädlingsbekämpfung, schadstoffbedingte Arbeitserkrankungen und die Müllgeschichte zusammen. „Grün“ – nicht politisch gemeint, beinhaltete u.a. die Geschichte von Naturschutz, Stadtvierteln, Grünbeseitigung, Parkgeschichte. Entgegen der Vermutungen seitens der Körber-Stiftung griffen nur wenige Jugendliche die Konflikte um die Atomenergie als Thema ihrer Forschungsarbeit auf. Das Interesse galt vielmehr – so auch in Münster – den menschengemachten Umweltveränderungen vor der eigenen Haustür. 27 Kinder und Jugendliche reichten 16 Beiträge zum Thema „Umwelt hat Geschichte“ ein. Beliebt war der Themenbereich Wasser: die Veränderung der Münsterischen Aa und des Aasees, die Begradigung der Stever vom Fluss zum Kanal im Raum Senden oder die Emsbegradigung und ihre Folgen. Beleuchtet wurde auch die Geschichte der industriellen Luftverschmutzung sowie die Geschichte von Müllkippen und Müllentsorgungen im Münsterland, die das Grundwasser gefährdeten. Ein Schüler rekonstruierte z.B. die Entwicklung des Müllvolumens sowie Umfang und Arbeitsweise der Müllbeseitigung in Münster vom Ende des 17. Jahrhunderts bis zur Gegenwart und wurde dafür mir einem 3. Bundespreis ausgezeichnet. Auch lokale Auseinandersetzungen um die Beseitigung von Grünanlagen oder Naturschutzgebieten wurden in Münster thematisiert: Eine Schülerarbeit beschäftigt sich beispielsweise mit den Eingriffen des Menschen in den Naturhaushalt des Venner Moores.",1987
5,Unser Ort - Heimat für Fremde?,Unser Ort - Heimat für Fremde?,1988,"„Die Deutschen“ – wer ist das? Eine deutsche Staatsbürgerschaft gibt es erst seit 1934, bis dahin war man laut Pass zuallererst Preußin oder Bayer, Württembergerin oder Badener. Die historische Erforschung des Zusammenlebens von Einheimischen und Fremden in Deutschland sollte das Verständnis zwischen den Kulturen fördern, denn „Fremdenfeindlichkeit macht blind für die eigenen Interessen“, so heißt es im Spurensuchen-Heft von 1988. Aus welchen Gründen und mit welchen Erfahrungen kamen Fremde? Wie reagierten die Einheimischen? Wie bewältigten Fremde die neue Situation? Wie lange blieben sie in ihrer neuen Heimat Fremde? Es lassen sich überall Spuren aufzeigen, die „Fremde“ hinterlassen haben: Juden und Hugenottinnen aus Frankreich, die den deutschen Staaten Fortschritt brachten, Techniker aus England und Belgien, die mit Stahl, Dampfmaschinen und Eisenbahnen umgehen konnten, Baumeisterinnen und Künstler aus Italien, Arbeiterinnen aus Polen, die letztlich auch am wirtschaftlichen Aufstieg mitbeteiligt waren. Die Teilnehmenden wurden durch dieses Wettbewerbsthema dazu aufgefordert bei dem Begriff „Fremde“ nicht nur an Ausländer zu denken, sondern auch an Zuwanderer, die aus anderen Teilen Deutschlands kamen. Nicht selten kam es vor, dass selbst Menschen aus dem Nachbarort als fremd empfunden wurden. Die jungen Spurensuchenden wurden ermutigt über die Chancen und Risiken bei einem Zusammentreffen von Einheimischen und Fremden nachzudenken und in ihrem lokalen und familiären Umfeld zu forschen. Insgesamt 39 interessierte junge Menschen reichten insgesamt 10 Beiträge zum Thema „Unser Ort – Heimat für Fremde?“ in Münster ein. Hauptsächlich forschten die Kinder und Jugendlichen in Einzelarbeit an ihren Beitragsthemen, eine der Arbeiten wurde im Klassenverband erstellt. In zwei Beiträgen – die später mit einem ersten und dritten Bundespreis ausgezeichnet wurden – wird der Bau des Dortmund-Ems-Kanals in Münster und Umgebung in den Jahren 1892 bis 1899 erforscht. Einmal liegt der Schwerpunkt auf dem Ende der Kanalarbeiten: Nach der Fertigstellung des Kanals sollten viele Ausländer zwangsweise wieder ausgewiesen werden, trotzdem siedelten sich viele von ihnen in einem später eingemeindeten Ort am Hafen an, was Vorurteile und Fremdenfeindlichkeit bewirkten und dem Ortsteil den Spitznamen „Messerstecherviertel“ einbrachte. Die andere – hier exemplarisch angeführte – Schülerarbeit erforschte die Arbeitsbedingungen der ausländischen Arbeiter während des Kanalbaus, z.B. die ärztlichen Untersuchungen oder die Probleme der durch den winterlichen Baustopp bedingten Saisonarbeit sowie des Lohngefälles zwischen den verschiedenen Beschäftigtengruppen.",1989
6,"Tempo, Tempo… Mensch und Verkehr in der Geschichte","Tempo, Tempo… Mensch und Verkehr in der Geschichte",1990,"Tempo, Tempo... Zeit ist Geld! Diesem Lebensgefühl können wir uns heute kaum noch entziehen. Alles muss schnell, schneller gehen, nicht nur der Verkehr ist ein gutes Beispiel dafür. Auto, Flugzeug oder Bahn haben nicht nur die persönlichen Bewegungsfreiräume erweitert, sondern gleichzeitig auch Probleme wie Lärm, Luftverschmutzung und Landschaftsverbrauch mit sich gebracht. Steckt unser Verkehrssystem in einer Krise? Bis dato wird über das Thema kontrovers diskutiert: Muss es ein Tempolimit auf Autobahnen geben? Kann es diese Erde verkraften, wenn alle Erwachsenen ein Auto besitzen? Wird die voranschreitende technische Entwicklung bessere Wege eröffnen? Junge Menschen wurden durch die Wettbewerbsausschreibung dazu ermutigt, sich mit der Wechselwirkung zwischen Verkehr und Arbeitswelt, Freizeit, Umwelt, Militär, Wirtschaft, Bevölkerungsdichte, Gesundheit und Lebensgefühl auseinanderzusetzen. Haben sich diese Wechselwirkungen im Laufe der Geschichte verändert? Wann, wie und wozu hat man Verkehrswege und Verkehrsmittel neu geschaffen, verändert oder aufgegeben? Welche Folgen hatte die Verkehrsentwicklung für die Menschen als Verkehrsteilnehmer und Anwohner, als Beschäftigte und Produzenten? Wie änderten sich Reise- oder Transportmöglichkeiten? Wie veränderten sich Lebensrhythmus, Geschwindigkeits-, Raum- und Zeiterfahrung? Insgesamt 17 Beiträge wurden im Wettbewerb 1990/91 von 37 Teilnehmenden aus Münster eingereicht. Die jungen Spurensuchenden beschäftigten sich u.a. mit dem Anschluss Münsters an das Eisenbahnnetz im Jahr 1848. Eine Wettbewerbsgruppe vergleicht anhand von alten Fotografien aus eigenem Familienbestand das „Reisen“ früher und heute. Sieben Schüler einer 10. Klasse rekonstruieren aus Beständen des Stadtarchivs Münster sowie Firmenpublikationen Ausschnitte einer lokalen Tankstellengeschichte. Aber auch die Auswirkungen der stark umstrittenen Umgehungsstraßen wurde zum Thema gemacht und kritisch beleuchtet – Aus der Perspektive geschädigter Anwohner beschreibt der Schüler die Planungs- und Baugeschichte der Umgehungsstraße B 51 im Süden Münsters. Detailliert erläutert der Verfasser die einzelnen Phasen des Straßenausbaus und die Veränderungen des einst stark ländlich geprägten Geistviertels und erhält von der Körber-Stiftung dafür einen zweiten Bundespreis.",1991
7,Denkmal: Erinnerung - Mahnung - Ärgernis,Denkmal: Erinnerung - Mahnung - Ärgernis,1992,"Denkmale sollen Geschichte vergegenwärtigen, können als Vorbild oder Abschreckung wirken, können Nachdenken und Handeln für die Zukunft anstoßen – Tun sie das? Taten sie das jemals? Denkmale sind stille Zeichen der Erinnerung und Mahnung, aber auch Steine des Anstoßes für politische Auseinandersetzungen. Helfen Denkmale uns, Geschichte besser zu verstehen? Was machen wir mit Denkmalen, die uns politisch oder historisch „falsch“ erscheinen; was tun, wenn sie lügen und verzerren, vertuschen und verfälschen? Staat und Privatleute geben viel Geld zur Erhaltung von Überresten der Geschichte aus – lohnt sich das? Die Ausschreibung von 1992 fordert die Jugendlichen auf, all diese Fragen kritisch zu reflektieren und den Denkmalsbegriff dabei weit zu fassen – vom Hünengrab und der Mietskaserne über die Gartenanlage bis zum Ehrenmal die unterschiedlichsten „Merkzeichen“ der Geschichte darf alles in Betracht gezogen werden und bezüglich des politisch-kulturellen Hintergrundes hinterfragt werden. In der Aufgabenstellung der Körber-Stiftung wird konkret darauf hingewiesen, dass die jungen Spurensuchenden auch Naturdenkmäler (z.B. Bäume oder alte Gärten und Parks), Grenzen (Überreste früherer deutscher Landesgrenzen/Zonengrenzen etc.), Denkmale der Arbeitswelt (z.B. alte Mühlen, Freilichtmuseen, Brunnen etc.) so wie auch Straßenbenennungen, ehemalige Verteidigungsanlagen oder Grabsteine erforschen können. Denkmal kann alles sein, was alt ist oder an Vergangenheit erinnert, solange dies von den Verfassern als ein solches interpretiert wird. Die Resonanz auf die Ausschreibung war im Blick auf die Geschichte des Wettbewerbs überwältigend – auch in Münster. Über 300 Teilnehmende beteiligten sich mit 60 Wettbewerbsbeiträgen daran, wobei die größte Zahl der Arbeiten sich mit sakralen Denkmälern wie Kirchen oder Friedhöfen sowie mit den Erinnerungsstätten jüdischer Geschichte und den Mahnmalen für die Opfer des Nationalsozialismus befasste. Zum Beispiel stand vor dem Münsteraner Schloss ein Jahr lang die „Black Form“, ein Mahnmal in Form eines schwarzen Steines, mit dem die amerikanische jüdische Künstler Sol LeWitt Trauer um die von den Nationalsozialisten ermordeten Juden ausdrückte. Nach dem Abriss des Objekts entwickelte sich ein Streit um das Denkmal. Einzelbauwerke wurden ebenso behandelt wie Skulpturen als Denkmäler, Personendenkmäler und Kriegerdenkmäler. Mit ihrer intensiven Erforschung der Denkmale bewegten sich die jungen Forschenden auf einem Terrain, das von der Geschichtswissenschaft erst in den nachfolgenden Jahren verstärkt in den Blick genommen wurde. Ein Neuntklässler beschäftigte sich z.B. intensiv mit der Entstehungs- und Nutzungsgeschichte des Sockeldenkmals „Der Engel mit dem Flammenschwert“, mit dem an die Gefallenen des Ersten Weltkriegs erinnert werden soll. Er skizziert dabei die Initiatoren, die Finanzierung, den Standort, den Künstler, die künstlerische Gestaltung und die Einweihung im Mai 1922 in Münster.",1993
8,Ost-West-Geschichte(n) - Jugendliche fragen nach,Ost-West-Geschichte(n) - Jugendliche fragen nach,1994,"Fünf Jahre nach dem Mauerfall war die anfängliche Begeisterung für die Überwindung der Teilung vielerorts einem Gefühl von Fremdheit und Distanz gewichen. Der Wettbewerb von 1994/95 nahm das Problem der „Mauer in den Köpfen“ zum Anlass, die Geschichte der deutsch-deutschen Beziehungen von Jugendlichen erforschen zu lassen. Im Mittelpunkt standen die Erfahrungen und Schicksale der betroffenen Menschen.Kinder und Jugendliche wurden dazu ermutigt, Menschen nach ihren Erlebnissen und Erfahrungen mit der Teilung in Deutschland zu fragen. Wie hatte sich die deutsche Teilung auf das alltägliche Leben, z.B. auf die Verwandtschaftsbeziehungen, das politische Denken und Handeln sowie auf den Beruf oder die wirtschaftliche Situation ausgewirkt? Was hatten die befragten Personen über den jeweils anderen Teil Deutschlands gedacht, gewusst, erfahren? Aber nicht nur Zeitzeugenberichte wurden eingeholt, die jungen Spurensuchenden fragten auch nach der Rolle der Presse oder danach, was die damaligen Geschichtsbücher narrativierten. Drei Schülerinnen aus Münster wunderten sich beispielsweise im Laufe ihrer eigenen Arbeit mehrfach darüber, „wieso [sie] so wenig über die Zustände in der DDR allgemein wussten. Lag die Schuld bei den Schülern, unseren Lehrern oder dem Lehrplan?“ (vgl. Spuren suchen, 9. Jg. 1995, S. 38). Von acht Münsteraner Schulen sind 37 Beiträge von insgesamt 73 Teilnehmenden in Hamburg bei der Körber-Stiftung eingereicht worden. Besonders häufig wurden Biografien aus der eigenen Familie erforscht, besonders Liebesbeziehungen über die Grenze wurden gerne behandelt. Zwei Zehntklässlerinnen beleuchten beispielsweise an zwei konkreten Beispielen die Probleme deutsch-deutscher Liebesbeziehungen und Eheschließungen. Eine Autorin ist selbst im Rahmen einer Familienzusammenführung 1980 mit ihrer Mutter zu ihrem bereits 1962 geflüchteten Vater nach Münster übergesiedelt und zeichnet in ihrer Arbeit ein vielschichtiges und differenziertes Bild von der DDR, von Ost-West-Familienbeziehungen, von Übersiedlerschicksalen und allgemein der Ost-West-Problematik bis Mitte der 1990er Jahre. Aber auch Schulgeschichte wurde erforscht: Ein Beitrag beschäftigt sich für die Zeit von 1945 bis 1994 mit der Situation eines ost- und eines westdeutschen katholischen Gymnasiums und fragt nach den Kontakten beider Schulen von Mitte der 1980er Jahre bis Mitte der 1990er Jahre. Die Spurensucher in Münster setzen inhaltlich auch Akzente in der Kirchengeschichte und zeigen, dass die deutsch-deutschen Kontakte und Verbindungen zwischen den Gemeinden zu den stärksten Klammern zwischen den getrennten Teilen Deutschlands gehörten. Eine Arbeit über den Ordensbruder Theo Koening aus Münster-Hiltrup, der von 1978 bis zur Wendezeit über Briefe und Pakete Kontakt zu insgesamt rund 600 – in der Mehrzahl ausreisewilligen oder aus politischen Gründen inhaftierten – DDR-Bürgern hatte, wurde mit einem 2. Bundespreis ausgezeichnet.",1995
9,Vom Armenhaus zur Suchtberatung. Zur Geschichte des Helfens,Vom Armenhaus zur Suchtberatung. Zur Geschichte des Helfens,1996,"Die Geschichte des Helfens ist vom Nachdenken über die Ursachen der Not und die Möglichkeiten ihrer Beseitigung nicht zu trennen. Die Klassifikation der Not – als individuelles Fehlverhalten, Schicksalsschlag oder gesellschaftliches Problem – wurde nicht selten von den Helfenden bewertet und wirkte sich somit auf das Verhältnis zwischen Helfenden und Notleidenden aus.  An vielen Notlagen und Hilfsaktionen entzündeten sich grundsätzliche gesellschaftliche Debatten. In den 1990er Jahren wurden viele Fragen der sozialen Gerechtigkeit kontrovers diskutiert. Durch das Stellen der Frage „Welchen Stellenwert hatten Solidarität und Gemeinsinn in der Gesellschaft in früheren Zeiten, und wie haben sich Not und Hilfe seither gewandelt?“ zeigte der Geschichtswettbewerb 1996/97 die historischen Dimensionen des Themas auf. Wie dachte man in der Vergangenheit über soziale Sicherheit und soziale Gerechtigkeit? Wurden die Bedürftigen als bloße Empfänger von Hilfe oder als Mitgestalter angesprochen und einbezogen? Die jungen Spurensuchenden wurden dazu motiviert, herauszufinden, was es früher im eigenen Ort ab Not und Elend gab. Wie wurde geholfen und wann? Welche Personen/Berufsgruppen beschäftigten sich hauptsächlich mit der Hilfe, welche Einrichtungen boten diese an, an welchen Orten wurde geholfen? 104 Kinder und Jugendliche haben insgesamt 34 Arbeiten zum Thema „Vom Armenhaus zur Suchtberatung. Zur Geschichte des Helfens“ verfasst und Antworten zu all den aufgeworfenen Fragen gesucht, sowohl bei Einrichtungen und Behörden vor Ort, bei Mitmenschen, die sie interviewten, in Büchern und Zeitungen, die sie lasen sowie auch in den Archiven, wo sie Originaltexte aus vergangenen Jahrhunderten in den Akten fanden. So entstanden Beiträge, in deren Mittelpunkt einzelne Personen, ganze Bevölkerungsgruppen, Institutionen und Vereine oder sogar die Politik insgesamt standen. So erforschten zwei Neuntklässlerinnen z.B. den Lebensweg eines durch seine Hilfsbereitschaft heute noch legendären Ortspfarrers. Ein anderer Beitrag handelt von einem ehemaligen Obdachlosenlager in Münster, wieder ein anderer von der Weggemeinschaft von Frauen für Frauen, sprich er recherchiert die Jahrhundertgeschichte des Sozialdienstes katholischer Frauen in Münster. Von den 34 eingereichten Beiträgen aus Münster wurden ganze sechs Arbeiten auf Bundesebene mit einem Preis ausgezeichnet.",1997
10,"Aufbegehren, Handeln, Verändern. Protest in der Geschichte","Aufbegehren, Handeln, Verändern. Protest in der Geschichte",1998,"Was Protest ist, das weiß doch jeder. Mit anderen zusammen auf die Straße gehen, Transparente entrollen, Parolen rufen, für oder gegen etwas demonstrieren. Das sind wohl die gängigsten Vorstellungen zu dem ebenso vielschichtigen wie auch schillernden Begriff. „Aufbegehren, Handeln, Verändern. Protest in der Geschichte“ lautete das Wettbewerbsthema 1989/99 – Von der Energiepolitik über die Stilllegung von Betrieben bis zum Ausbau des Straßennetzes, Bürgerbegehren, Einwände und Proteste sind längst feste Bestandteile unserer demokratischen Streitkultur geworden. Proteste sind Ausdruck von Unbehagen und Spannungen, sie signalisieren ungelöste Konflikte, unterschiedliche Interessen, wollen aufrütteln und Zeichen setzen, öffentlichen Druck ausüben und Planungs- sowie auch Entscheidungsprozesse beeinflussen. Im Wettbewerb untersuchten die Jugendlichen, wie Proteste in der Vergangenheit entstanden sind und wo sie zu Ausgangspunkten für aktives politisches Handeln wurden. Denn Proteste befördern nicht per se eine demokratische Entwicklung. Manchmal können sie auch Vorwand zur Bemängelung egoistischer Interessen sein, manchmal verfolgen sie menschenverachtende Ziele oder dienen der Rechtfertigung bloßer Gewalt. Die Teilnehmenden wurden ermutigt, danach zu fragen, wann, wo und aus welchen Gründen Menschen sich öffentlich für Veränderungen eingesetzt haben. Wo haben sie versucht, aus ihrer Sicht fehlerhafte Entwicklungen aufzuhalten? Was waren die erklärten Ziele, wie sahen die tatsächlichen Ergebnisse des Protestes aus? 114 Kinder und Jugendliche beschäftigten sich mit Aspekten von „Protest“ in der Geschichte. Dabei sollten die Themen einen Bezug zum persönlichen Leben der Teilnehmenden haben: der Protest in der eigenen Stadt, innerhalb der eigenen Familie, innerhalb des eigenen Lebensumfeldes. So entstanden 52 Beiträge, die aus den unterschiedlichsten Blickwinkeln stille und laute Protestaktionen zum Inhalt haben. Viele Spurensuchende erforschten das Engagement von Bürgerinitiativen gegen Bauprojekte oder Kernkraftanlagen. Die Kontroverse darüber, ob die bislang zur Abwasserentsorgung genutzten Rieselfelder am Rande Münsters in ein Gewerbegebiet umgewandelt werden sollten oder daraus ein Vogelreservat werden sollte fand ebenso Aufmerksamkeit wie auch der geplante Bau eines Hochtemperaturreaktors in Hamm-Uentrop, der Bedenken und Proteste in der Bevölkerung auslöste. Aber auch das Wirken Einzelner wurde zum Gegenstand zahlreicher Recherchen, z. B. von couragierten Kirchenvertretern. Der Beitrag „Eine Stadt im Widerstand. Der Kulturkampf in Münster (1871-1884)“, der sich mit dem Gegensatz zwischen Liberalismus und Katholizismus, der nach dem Ersten Vatikanischen Konzil in Preußen eskalierte, beschäftigte, wurde mit einem ersten Bundespreis ausgezeichnet.",1999
11,Genutzt - geliebt - getötet. Tiere in unserer Geschichte,Genutzt - geliebt - getötet. Tiere in unserer Geschichte,2000,"Im Jahr 2000 bestimmten Skandale in der Tierhaltung die öffentlichen Debatten: Rinderwahnsinn, die Maul- und Klauenseuche oder Kampfhundeverordnungen verwiesen auf den zunehmend problematischen Umgang des Menschen mit dem Tier. Es werden bis dato zahlreiche Fragen diskutiert, die sich mit der Ethik und den Rechten von Tieren befassen: Wie groß muss der Käfig eines Hundes sein? Dürfen Tiere geklont werden? Ist der Konsum von Fleisch gesundheitlich und ethisch zu verantworten? Der Wettbewerb „Genutzt – geliebt – getötet. Tiere in unserer Geschichte“ stellte diese Debatten, hinter denen sich immer Interessen und Überzeugungen sowie Werte und Gefühle verbergen, in einen historischen Zusammenhang. Die Körber-Stiftung schrieb den Wettbewerb zu einem historischen Thema aus, „wie es nicht im Schulbuch steht“ (Spurensuchen, 15. Jg. 2001, S. 1) und forderte Kinder und Jugendliche dazu auf, zu erforschen, auf welche Art und Weise Tiere mit der menschlichen Geschichte sowohl im Alltag als auch in der Arbeit, im Bereich der Freizeit sowie des Vergnügens verknüpft waren und sind. Tiere waren „Lieferanten“ von Nahrung und Bekleidung, sie wurden als Lastenträger oder „Zugmaschinen“ genutzt, dienten dem Menschen als exotische Sensation oder als freundschaftlicher Begleiter. Spannende Fragen ergaben sich bei den Teilnehmenden dann, wenn die wechselvolle Beziehung zwischen Mensch und Tier über unsere Geschichte in Erfahrung gebracht wurde: Welchen Wert hatten bestimmte Tiere in der Vergangenheit? Welche Rolle haben Tiere im Gemeinschaftsleben (Religion, Feste, Vereine)? Welche Erfahrungen, Überzeugungen oder Interessen von Menschen waren für den Umgang mit Tieren in einem bestimmten Zeitabschnitt wichtig? 164 Schülerinnen und Schüler von 13 Schulen reichten 2000/01 57 Beiträge ein, es entstanden eine Vielzahl kreativer Wettbewerbsbeiträge, sowohl in schriftlicher wie auch (audio-)visueller Form. So setzte sich eine ganze Grundschulklasse beispielsweise mit dem breiten Themenspektrum des Mensch-Ratten-Verhältnisses auseinander, indem sie sich in Arbeitsgruppen zum Labortier, zur Leseratte, zum Schmusetier und zum Schädling informierten. Mit dem Allwetterzoo Münster beschäftigen sich gleich mehrere Beiträge – mit Blick auf die Geschichte der Tiere, aber auch des Zoos, z.B. während des Nationalsozialismus. Die Reaktionen eines Aprilscherzes einer Münsteraner Zeitung im Jahr 1971, der im Kontext des bevorstehenden Umzugs des Zoos zur vorübergehenden privaten Unterbringung der Tiere aufrief, wurden in einem Beitrag gekonnt recherchiert und mit einem Preis belohnt. Viele Teilnehmende untersuchten Fragen des Tierschutzes, gingen dem Wandel in der Landwirtschaft nach und beschrieben, wie Tiere zunehmend zum Partnerersatz für den Menschen geworden sind.",2001
12,Weggehen - Ankommen. Migration in der Geschichte,Weggehen - Ankommen. Migration in der Geschichte,2002,"Ist Deutschland ein Einwanderungsland? Welche Zuwandernden sind willkommen, welche weisen wir ab? Was müssen sie zur Integration selbst beitragen und wie viel Förderung durch uns ist notwendig? Diese Fragen aus der Debatte um das Zuwanderungsgesetz waren 2002 brandaktuell und sind es auch heute noch. Es geht um die Steuerung von Migration und um die Zukunft des Miteinanders von Einheimischen und Zuwandernden in einer globalisierten Welt, in der Menschen von unterschiedlicher Herkunft – sprachlich, kulturell und in ihren Lebensvorstellungen höchst verschieden – aufeinandertreffen. Wer sind „wir“ und wer sind die „anderen“? Ziel des Wettbewerbs „Weggehen – Ankommen. Migration in der Geschichte“ war es, die Aufmerksamkeit der Spurensuchenden darauf zu lenken, dass Zuwanderung oder Abwanderung in der deutschen Geschichte kein „neues“ Phänomen darstellt. Menschen haben sich zu unterschiedlichen Zeiten auf den Weg gemacht und sich an einem anderen Ort oder in einem anderen Land eine Existenz aufgebaut. Alleine wer seine eigene Familiengeschichte zurückverfolgt, trifft vielfach auf Angehörige, die einmal „fremd“ waren: als Zugereiste oder Vertriebene, Gastarbeiterinnen oder Aussiedler, Einwanderer oder Aussteigerinnen, Deportierte oder Remigrierende. Die Geschichte ist reich an Beispielen für das Gelingen, aber auch für die Probleme von Migration und des Miteinanders von Einheimischen und Zuwandernden. Die Spurensuchenden wurden ermutigt, Fragen zu stellen: Wann, warum und vor welchem historischen Hintergrund verließen Menschen ihre Heimat? Wie sah der Weg in die neue Umgebung aus? Welche Bedeutung hatten die soziale Herkunft, die wirtschaftliche Situation und die kulturellen, sprachlichen, religiösen oder weltanschaulichen Prägungen? Insgesamt 77 Beiträge von 170 jungen Forschenden wurden im Geschichtswettbewerb 2002/03 in Münster eingereicht. Zentrale Themen waren u.a. der Zweite Weltkrieg und dessen Folgen auf Flucht und Migration sowie die Erforschung von Fallbeispielen Asylsuchender und Aussiedlerinnen, die auf unterschiedlichen Wegen nach Münster kamen. Zahlreiche Zeitzeugeninterviews wurden dazu geführt, v.a. die Fluchterfahrungen der eigenen Großeltern wurden in vielen Beiträgen aus Münster aufgearbeitet. So war für eine Münsteraner Sechstklässlerin das Tagebuch ihres Urgroßvaters, der mit seiner Familie 1945 aus Schlesien über Österreich nach Münster flüchtete, Anlass für eine historische Spurensuche. Aber auch die Themen Gastarbeit, Migration aus religiösen bzw. Emigration aus wirtschaftlichen Gründen wurden bearbeitet. Zwei Preisträgerarbeiten beschäftigen sich beispielsweise mit „Mission als besondere Form der Migration“ und der „Zuwanderung und religiösen Beheimatung von Protestanten in Münster“.",2003
13,Sich regen bringt Segen? Arbeit in der Geschichte,Sich regen bringt Segen? Arbeit in der Geschichte,2004,"Arbeit ist für unser Leben von zentraler Bedeutung: Denn durch Arbeit sichern wir unsere Existenz, erhalten wir gesellschaftliche Anerkennung und unseren sozialen Status, wir schaffen Werte und Wohlstand und auch eigene Lebensziele, die wir uns selbst setzen, hängen maßgeblich von ihr ab. Wer von Arbeit spricht, meint meist die bezahlte Lohnarbeit. Das Verständnis hat sich in der Geschichte deutlich gewandelt. Im Sprichwort „Sich regen bringt Segen“ verbirgt sich – so betont es die Körber-Stiftung – eine weite Vorstellung vom Tätigsein. Gemeint sind der „Broterwerb“ und die Chance zum gesellschaftlichen Aufstieg, ebenso wie aber auch Wohltätigkeit und Erziehung, innere Zufriedenheit und der Einklang mit Gott und der Welt. Ziel des Wettbewerbs war es, die jungen interessierten Spurensuchenden auf die Frage zu stoßen „Könnte es uns helfen, wieder mehr nach dem Sinn und nicht nur nach dem Ertrag von Arbeit zu fragen?“. Die hohe Wertschätzung, die Erwerbsarbeit in unserer heutigen Gesellschaft inne hat, ist historisch betrachtet noch recht jung. Auch die Art der Arbeit und die Orte, an denen sie stattfindet, haben sich im Laufe der Geschichte gewandelt. Bis in das 19. Jahrhundert lag die Fertigung von Produkten meist in der Hand einer einzelnen Person und war an Haus und Hof gebunden. Erst seit Entstehung der Industrie und dem Wachstum der Städte, findet sie in Manufakturen, Fabriken und Büros statt. Die Kinder und Jugendlichen beschäftigten sich bei ihrer Spurensuche im lokalen oder familiären Umfeld beispielsweise mit folgenden Fragen: Wie wurde in der Vergangenheit gearbeitet und wie hat sich Arbeit entwickelt und verändert? Wie sind Berufe entstanden? Welche Arbeit wurde von Frauen, Männern, Kindern ausgeführt? 2004/2005 beteiligten sich fast 250 Spurensuchende von 13 Schulen am Wettbewerb; aus Münster wurden bei der Körber-Stiftung insgesamt 110 Arbeiten eingereicht. Nahezu die Hälfte der Beiträge befasst sich mit Berufen und Berufsbildern, von Schneiderbetrieben über die Berufsgruppe der Türmer hin zu Arbeit von und mit beeinträchtigten Menschen. Andere zentrale und häufig bearbeitete Themen waren die Geschichte von Firmen und (Familien-)Betriebe, Arbeit in der Landwirtschaft, Arbeitsbiografien anhand von Fallbeispielen sowie die Arbeit in der Kriegs- und Nachkriegszeit bzw. der Wandel von Arbeitsverhältnissen in der Geschichte. Insgesamt 24 Beiträge wurden auf Landes- oder Bundesebene ausgezeichnet: Ausgehend von der Schließung eines kleinen Lebensmittelgeschäftes “Feinkost Vahle“ im Jahr 2004, untersucht eine Achtklässlerin z.B. die Veränderungen im Verkäuferinnenberuf in den letzten 50 Jahren mithilfe von Zeitzeugeninterviews und wurde dafür mit einem ersten Bundespreis belohnt.",2005
14,miteinander - gegeneinander? Jung und Alt in der Geschichte,miteinander - gegeneinander? Jung und Alt in der Geschichte,2006,"Das Motto des 20. Geschichtswettbewerbs des Bundespräsidenten „miteinander – gegeneinander? Jung und Alt in der Geschichte“ verweist auf ein zentrales Thema unserer Gesellschaft: das Zusammenleben der Generationen, der demografische Wandel, die Auflösung traditioneller Familienmodelle, deren Auswirkungen auf die sozialen Sicherungssysteme und die daran anschließende Debatte um die Zukunft des Generationenvertrags. Ein Blick in die Geschichte kann uns lehren, wie Jung und Alt früher zusammengelebt haben, die Erziehung durch Eltern und Schule, die lange Zeit von der Forderung nach Unterordnung und Gehorsam geprägt war, hat sich verändert. Aber auch Fragen der Geschlechterzugehörigkeit werden heute stärker thematisiert und problematisiert. Vor diesem Hintergrund waren die Jugendlichen im Wettbewerb 2006/07 aufgefordert, das Verhältnis von Jung und Alt in der Geschichte zu beleuchten und zu hinterfragen, welche Modelle des Miteinanders es gab bzw. welche Konflikte und Lösungen existierten. Welches Bild von Jung und Alt wurde in der jeweiligen Zeit vermittelt? Wie wurden Altersgruppen definiert und gegeneinander abgegrenzt? Welche Werte und Traditionen, welcher Besitz und welches Wissen wurde zwischen den Generationen weitergegeben, und wie geschah dies? Die jungen Spurensuchenden waren angehalten, in ihrer Umgebung zu forschen, sie begaben sich in die Nachbarschaft, in Bibliotheken, Museen und Archive, in Schulen und Seniorenheime oder forschten in der eigenen Familie. 200 Teilnehmende von 16 Schulen beteiligten sich in Münster am Wettbewerb des Bundespräsidenten und reichten insgesamt 103 Arbeiten ein. Die Themen der Jugendlichen konzentrierten sich im Wesentlichen auf die Bereiche Jung und Alt in der (eigenen) Familie, in Bildung und Erziehung und sie forschten zu Generationserfahrung und Sozialisation sowie zu Generationserfahrungen in der Religion. Viele Teilnehmende gingen der Frage nach, wie sich Generationenbeziehungen in schwierigen und bewegten Zeiten, z.B. im Krieg oder in gesellschaftlichen Umbruchphasen entwickelten. Andere beschäftigten sich mit den Erziehungsverhältnissen innerhalb der Familien oder der Beziehung von Lehrerinnen und Schülern in der Geschichte. Unter dem Titel „PIETATI, VIRTUTI, DOCTRINAE“ befasste sich ein Zehntklässler mit der Rolle der Schule bei der Vermittlung von Werten der älteren Generation an die jüngere und gewann damit einen ersten Bundespreis. Ein besonderes Interesse der Jugendlichen galt auch dem Thema Jungsein in der Geschichte. Die Erforschung der Jugendkultur und des Jugendprotests war für viele Teilnehmende besonders anziehend, wobei es sie reizte herauszufinden, ob Jugendproteste eher ein Ausdruck eines Generationenkonflikts waren oder ob die politischen und sozialen Gesellschaftsverhältnisse eine gewichtigeren Anteil am Protest darstellten.",2007
15,"Helden - verehrt, verkannt, vergessen?","Helden - verehrt, verkannt, vergessen?",2008,"Sie gelten als wagemutig und stark, als Menschen, die etwas Außergewöhnliches geleistet oder sich unerschrocken einer schweren Aufgabe gestellt haben. Gedenktage erinnern an sie, Straßen und Plätze sind nach ihnen benannt, wir finden sie in Denkmälern verewigt oder auch in audiovisuellen bzw. schriftlichen Geschichtsdarstellungen. Unter Helden versteht man sowohl große National- wie auch Alltagshelden, denn ob Freiheitskämpferin oder Erfinder, Feuerwehrmann oder Trümmerfrau, Kriegsheldin oder Lebensretter – Menschen sind zu allen Zeiten heroisiert worden, sei es für ihre gesamte Lebensleistung oder für eine einzelne, herausragende Tat. Ziel des Wettbewerbs „Helden – verehrt, verkannt, vergessen“ war es, dass junge Menschen in ihrem lokalen oder familiären Umfeld erforschen, wer als „Held“ angesehen wurde bzw. werden könnte. Helden werden jedoch nicht geboren, zu einer Heldin wird man erst gemacht. Ob aus ihrem Handeln eine Heldentat oder ob ihr Verhalten irgendwann als heldenhaft angesehen wurde, hing von den Urteilen und Bewertungen anderer und derer jeweiligen Wertevorstellungen und Leitbildern ab. So kam es, dass der Begriff „Held“ selbst einen Bedeutungswandel erfuhr – von den Kriegerhelden im 19. Jahrhundert bis zu den heutigen „Alltagshelden“. Alle Wettbewerbsteilnehmenden wurden dazu angehalten, zu beschreiben, wodurch jemand in der Vergangenheit zum Helden wurde und wie er von den Zeitgenossinnen und Nachgeborenen gesehen wurde. Untersucht werden konnte auch, wer trotz herausragender Leistung nicht als Held anerkannt oder wem möglicherweise der Heldenstatus aberkannt wurde. Insgesamt 151 Arbeiten wurden von insgesamt 320 Spurensuchenden zu dem Motto „Helden“ 2009 in Münster eingereicht. Mit Beharrlichkeit, vielen Fragen und großem Engagement erforschten die jungen Menschen Geschichten von Helden in Münster und in ihren Familien. Sie alle stellten die Frage: Was macht jemanden zum Helden? Insgesamt wurden 33 Beiträge aus Münster mit einem Landespreis ausgezeichnet. Besonders intensiv wurde zu „Helden im Verborgenen“ gearbeitet, hier wurden zahlreiche Fallbeispiele erforscht, z.B. wie die Bauernfamilie Aschoff während des Nationalsozialismus die Jüdin Marga Spiegel und ihre Tochter versteckte. Auch zu Heldinnen in Sport, Kirche und Politik sowie sozialen Einrichtungen wurden zahlreiche Arbeiten eingereicht, mehrere Arbeiten entstanden beispielsweise zu „Fiffi“ Gerritzen, einem Spieler des SC Preußen Münster. Auch unter dem Themenkomplex „Vom Opfer zum Helden“ lassen sich mehrere Arbeiten subsumieren ebenso wie zu den Anfängen des Frauenstudiums in Münster. In einem Beitrag, der sich mit der (Um)Benennung des „Schlossplatzes“ in Münster im Jahr 2012 auseinandersetzt, wurden Wandel und Rezeption des Heldenbegriffs problematisiert.",2009
16,"Ärgernis, Aufsehen, Empörung: Skandale in der Geschichte","Ärgernis, Aufsehen, Empörung: Skandale in der Geschichte",2010,"Skandale sind allgegenwärtig. Wir erfahren von ihnen in Zeitungen, Fernseher oder Internet, aus Gesprächen in der Nachbarschaft, in der Schule oder der Familie. Skandale lenken unsere Aufmerksamkeit auf Verfehlungen und Missstände, die Unverständnis, ja gar Entrüstung hervorrufen. Sie können daher als Seismografen des gesellschaftlichen Wertewandels verstanden werden, denn sie geben nicht selten auch Auskunft darüber, welche Moralvorstellungen vorherrschen und wo die Grenzen akzeptierten menschlichen Verhaltens liegen. Ziel des Wettbewerbs „Ärgernis, Aufsehen, Empörung: Skandale in der Geschichte“ war es, junge Menschen zu ermutigen, in ihrem lokalen oder familiären Umfeld zu forschen und herauszuarbeiten, wie Wertekonflikte zu unterschiedlichen Zeiten ausgetragen wurden, wer von ihnen profitierte oder auch zu wessen Lasten sie gingen. Dabei ist zu betonen, dass kaum ein Skandal dem anderen gleicht. Von manchem aufsehenerregenden Fall blieb bei näherer Betrachtung nur eine haltlose Beschuldigung. Ein anderes Mal leitete ein Skandal einen weitreichenden Wertewandel ein. Das Wettbewerbsthema verlangte von den teilnehmenden Spurensuchern daher auch „genau hinzusehen, kritisch mit Vorwürfen und Verurteilungen der Beteiligten umzugehen und danach zu fragen, welche Interessen und Einflussnahmen jeweils mit im Spiel sind“ (spurensuchen 2010, S. 7). Intendiert war, dass sich die Teilnehmer ein konkretes Beispiel herausgreifen und den Ablauf, die Wertevorstellungen der Beteiligten oder auch die Auswirkungen des Skandals beschreiben, erklären sowie aus zeitgenössischer sowie heutiger Sicht bewerten. Insgesamt 143 Arbeiten wurden zu dem Thema „Skandale in der Geschichte“ in Münster eingereicht. Die jungen Menschen erforschten bekanntere Skandale, wie die Wiedertäufer-Herrschaft in Münster 1534 oder den Skandal um die Umbenennung einer Straße nach Greta Bünichmann im Jahr 1994 ebenso wie heute schon nahezu vergessene Skandale, wie z.B. den Münsteraner „Bierkrieg“ 1895. Thematischer Spitzenreiter in Münster 2010/11 waren – neben Skandalen der NS-Zeit – Bau-, Umwelt-, Gesundheits- sowie Justizskandale der jüngeren und jüngsten Zeitgeschichte. So wurde – um nur zwei zentrale Beispiele zu nennen – die Blomert/Weigand-Affaire aus den 1960er Jahren von zahlreichen Teilnehmern erforscht und darstellungstechnisch differenziert dargestellt. Und einer der vielen Münsteraner Beiträge zu dem Skandal um das Arzneimittel Contergan, das von 1957 bis 1961 zu Missbildungen bei einer großen Zahl von Neugeborenen führte, erzielte gar einen ersten Preis auf Bundesebene („Der Fall Contergan: Tragödie – Katastrophe – Skandal?“).",2011
17,Vertraute Fremde. Nachbarn in der Geschichte,Vertraute Fremde. Nachbarn in der Geschichte,2012,"Unter dezidiertem Verweis auf die postmoderne, in vielen Bereichen zur Individualisierung und Atomisierung neigende zeitgenössische Gesellschaft, überschrieb die Körber-Stiftung den Wettbewerb der Jahre 2012/2013 mit dem Titel „Vertraute Fremde. Nachbarn in der Geschichte“. Kinder und Jugendliche wurden ermutigt, dem Anschein  zunehmender Vereinsamung entgegentretende Beispiele für gelebte Nachbarschaft aufzuarbeiten. Ob Plausch am Gartenzaun oder Balkon, Nachbarschaftsinitiative oder Mehrgenerationenhaus. Nachbarschaft prägt unseren Alltag. Wie dies in Münster konkret ausgestaltet wurde und welchem Wandel Nachbarschaftsverhältnisse unterliegen und unterlagen, lässt sich im Stadtarchiv Münster in 126 Arbeiten von 226 Spurensuchenden nachverfolgen. Vier der untersuchten Arbeiten wurden mit einem Bundes-, 19 mit einem Landespreis prämiert. In Münster waren vor allem Gegenstände der Alltagsgeschichte beliebte Themen: Nicht nur die häufig von Konkurrenz und Rivalität geprägten Nachbarschaftsbeziehungen zwischen den Schulen der Teilnehmenden selbst, auch die erbitterte Konkurrenz zwischen dem SC Preußen Münster, dem VfL Osnabrück und dem DSC Arminia Bielefeld wurden von den jungen Forschenden aufgegriffen. Dass die nach Ende des Zweiten Weltkriegs hier stationierten britischen Soldaten in ihren Kasernen zum Teil der Nachbarschaft geworden sind, zeigen zahlreiche Arbeiten, die das Verhältnis zu ihnen betrachten. Einem Trend auf Bundesebene entsprechen die Betrachtungen zum Umgang mit jüdischen Mitmenschen zur Zeit des Nationalsozialismus – hier wurden Menschen (wortwörtlich) aus der Mitte der Gesellschaft zu Opfern von Hass, Gewalt und Menschenverachtung. Obwohl Mitmenschen, die schon lange Seite an Seite lebten, wurden die Juden verachtet, verfolgt, verschleppt, ermordet. Dass die Erfahrung eines gemeinsamen Alltags selbst solchen Grausamkeiten entgegenstehen kann, zeigen Arbeiten, die sich mit Nachbarschaftshilfe für verfolgte Jüdinnen befassen und nicht selten Heldengeschichten von eigenen Familienmitgliedern erzählen. Dass entgegen engstirniger Horizonte Nachbarschaft in unserer Gegenwart viel weitreichender begriffen wird, zeigt, dass der Wettbewerb 2012/2013 in Form von Sonderinitiativen und Stiftungskooperation auch für französische und polnische Kinder und Jugendliche geöffnet war. Dieses neue grenzüberschreitende  Denken zeigt sich nicht nur in zwei Arbeiten zu den Partnerstädten Münsters sondern auch in zahlreichen Beiträgen, die sich mit der sogenannten „Hollandgängerei“, dem nicht immer offiziellen Grenzverkehr zu den von Münster aus nahe gelegenen Niederlanden befassen.",2013
18,Anders sein. Außenseiter in der Geschichte,Anders sein. Außenseiter in der Geschichte,2014,"„Anders sein“ als andere, sich einander ähneln – es handelt sich dabei um menschliche Grunderfahrungen. Man kann sich aufgrund von Aussehen, Interessen, Besitz und Herkunft oder auch Glauben voneinander unterscheiden. Diversität gehört zum Leben dazu und bereichert es. Probleme können dann entstehen, wenn Menschen von ihren Mitmenschen wegen ihrer Besonderheiten bewertet, abgewertet und ausgegrenzt werden. Ob Menschen an den Rand der Gesellschaft gedrängt und zu Außenstehenden gemacht werden bzw. ob Anderssein akzeptiert, als normal anerkannt oder gar wertgeschätzt wird, ist ein wichtiger Gradmesser für die politische Kultur einer Gesellschaft und maßgeblich für ein friedliches Zusammenleben. Ziel des Wettbewerbs „Anders sein. Außenseiter in der Geschichte“ war es, eine Spurensuche zum Umgang mit Außenstehenden und Angehörigen von Minderheiten in der Geschichte anzustoßen. Denn wie wir einander achten und miteinander umgehen ist von unseren Werten und Vorstellungen abhängig. Was als anders gilt, als fremd oder anstößig, wird und wurde häufig durch Gesetze und Verordnungen, Bräuche und Traditionen bestimmt. Menschen werden aber nicht immer zwangsläufig ausgegrenzt, manche setzen sich in ihren Haltungen oder ihrer Art zu leben auch bewusst von der Mehrheitsgesellschaft ab und distanzieren sich von gängigen Vorstellungsmustern. Ein grundlegendes Ziel des Wettbewerbes war es folglich, junge Menschen zu ermutigen, zu fragen, wie es dazu kam, dass Menschen in der Geschichte als „anders“ galten. Wie kam es dazu, dass sie als Außenstehende oder Angehörige einer Minderheit wahrgenommen wurden? Wie gingen die verschiedenen Gruppen miteinander um? Welche unterschiedlichen Interessen und Motive spielten eine Rolle? 364 Schülerinnen und Schüler von 14 Schulen in Münster begaben sich 2014/15 auf Spurensuche und reichten insgesamt 159 Beiträge ein – so viele Beiträge wurden nie zuvor alleine in Münster eingereicht! Neben zahlreichen Sachtexten entstanden vermehrt kreative Arbeiten, wie z.B. Novellen, fiktive Tagebücher, Filme, Websites und PowerPoint-Präsentationen. Die jungen Forschenden untersuchten das „Anders sein“ in der Geschichte durch Geschlecht, Beruf oder gesellschaftliche Zuordnung, aufgrund von Behinderungen, Armut oder Krankheit, alternative Lebensmodelle, religiöse Einstellungen oder politische Aktivitäten. Anhand eines Beerdigungskonfliktes untersuchten zwei Schüler die Ausgrenzung der protestantisch Glaubenden in Münster im 17. Jahrhundert und wurden mit dem ersten Bundespreis ausgezeichnet („der christlichen katholischen Begrebnuß unfähig“. Die Ausgrenzung der Protestanten Münsters um 1600). Aber auch Flucht, Vertreibung und Migration – sowohl in der nationalsozialistischen Zeit als auch im Kaiserreich – waren beliebte Themen bei den Teilnehmenden des Wettbewerbs. Insgesamt gab es zahlreiche Auszeichnungen auf Landes- und Bundesebene.",2015
19,Gott und die Welt. Religion macht Geschichte,Gott und die Welt. Religion macht Geschichte,2016,"Mit dem Titel „Gott und die Welt. Religion macht Geschichte“ verwies die Körber-Stiftung in der Ausschreibung des 25. Geschichtswettbewerbs dezidiert auf einen präsentistischen Geschichtszugriff des Wettbewerbsthemas. Dem scheinbaren Rückzug der Religion ins Private wird dabei deren bis in die Gegenwart gesellschaftliche reichende Prägekraft entgegengehalten – ob als Energiequelle selbstloser Nächstenliebe, Keimzelle des Widerstands gegen Unrecht allerdings auch als Gegenstand politisch-totalitärer Kontrolle sowie Rechtfertigungsmittel radikalisierter Gewalt. Diese besonders in der sich auch entlang der Leitlinie Religion erneut polarisierenden Gegenwart der Jahre 2016/2017 aufscheinende Relevanz des Themas, greifen auch zahlreiche der Münsteraner Beiträge zum Geschichtswettbewerb auf. Die 154 Arbeiten diesen Wettbewerbsdurchgangs – unter ihnen 5 Bundes- und 22 Landespreise, darüber hinaus wurden 25 mit einem Förderpreis honoriert – wurden in Kooperation vom Institut für Didaktik der Geschichte und Stadtarchiv Münster dokumentiert; so entstand ein Begleitband mit Original-Auszügen aus den Arbeiten. Dabei kristallisierten sich in einer scheinbar religionsferneren Zeit nicht nur Fragen nach dem Wandel vom Stellenwert der Religiosität in der Gesellschaft als Themenschwerpunkte heraus. Insbesondere deren Politisierung stand häufig im Fokus der Aufmerksamkeit. Neben dem Blick über die Stadtgrenzen Münsters hinaus – bspw. auf den „Gottesstaat“ Iran – wurde dabei häufig die fundamentalistisch-religiöse Herrschaft der Wiedertäufer als besonders prominente Episode der Stadtgeschichte in den Blick genommen; wie hier stellte sich vielen Schülerinnen und Schülern auch angesichts des 30-jährigen Krieges die Frage, ob Religion tatsächlich Motivation für Kriege und Gewaltherrschaft sein kann oder vielmehr vorgeschoben wird. Dass Religion als Element der Gesellschaftskonstitution eine Rolle spielt, wird an zahlreichen Beispielen belegt, die Konflikte zwischen Geistlichen und NS-Diktatur aufzeigen. Neben dem prominenten „Löwen von Münster“, der nicht nur unkritisch betrachtet wird, werden hier auch spezifischere und familienhistorische Beispiele eingebunden. Über die Politisierung hinausreichende Konsequenzen religiöser Zugehörigkeit für eine Gesellschaft machen die Kinder und Jugendlichen an den Schwierigkeiten, die gemischtkonfessionelle Beziehungen – ob Freundschaften oder Ehen –, insbesondere in der Geflüchteten-Gemengelage nach dem Zweiten Weltkrieg, mit sich bringen konnten, anhand familienbiographischer Fallstudien deutlich. Ähnliches gilt für im (christlich-) Religiösen verwurzelte Moralvorstellungen, ob bspw. in Perspektive auf Homosexualität oder Abtreibung. Doch nicht nur die Trennlinien, die Religion evozieren, auch die Kraft die sie spenden kann, heben die Teilnehmenden hervor. Besonders im Kontext des Kloster- und Missionswesens bietet die Stadt Münster einige Beispiele, die auch in ihrer zeitgenössischen Rezeption untersucht wurden. Insgesamt zeichnen die Beitragenden ein vielschichtiges Bild der Auswirkungen von Religion im katholisch geprägten Münster und Münsterland, das jedoch – bspw. mit der Betrachtung anderer Religionen in dieser Kirchenlandschaft – seinen christlichen Blickwinkel in Teilen zu reflektieren und zu verlassen weiß.",2017
20,"So geht’s nicht weiter. Krise, Umbruch, Aufbruch","So geht’s nicht weiter. Krise, Umbruch, Aufbruch",2018,"„Finanzkrise“, „Eurokrise“, „Flüchtlingskrise“, „Klimakrise“ – kaum ein Begriff war in den Nachrichten der 2010er Jahre derart präsent wie derjenige der „Krise“. Der Wettbewerb 2018/2019 nahm dies zum Anlass, Kinder und Jugendliche zu einer historischen Spurensuche zu diesem scheinbar allgegenwärtigen Phänomen anzuregen. Was wurde in der Vergangenheit überhaupt als Krise wahrgenommen? Wie verhielten sich Menschen in Krisensituationen? Und wie konnte aus einem krisenhaften Umbruch ein Aufbruch werden? Mit diesen und weiteren Fragen sollten sich Spurensuchende in ihren Forschungsarbeiten beschäftigen. Damit zielte der Wettbewerb neben einer Historisierung vor allem auch auf die Differenzierung unseres Verständnisses eines gegenwärtig weit verbreiteten Begriffs ab.",2019
21,Bewegte Zeiten. Sport macht Gesellschaft,Bewegte Zeiten. Sport macht Gesellschaft,2020,"Welche gesamtgesellschaftliche Bedeutung eine scheinbare Nebensächlichkeit wie ‚Sport' haben kann, wurde im Wettbewerbsjahrgang 2020/2021 besonders deutlich. Nicht nur, dass der Wettbewerb seine Teilnehmenden dazu aufforderte, nach der sozialen Prägekraft von Sport in der Vergangenheit zu suchen - die Corona-Pandemie führte den Kindern und Jugendlichen auch für ihre Gegenwart vor Augen, welche Rolle Sport in unserem Zusammenleben zugewachsen ist. Im Stadtarchiv sind 101 Beiträge von rund 200 Kindern und Jugendlichen von Münsteraner Schulen archiviert, in denen die jungen Forschenden ganz unterschiedlichen Zugriffen nachgehen: von den Medaillen Olympia-Teilnehmender aus Münster über DEN Münsteraner Sport Speckbrett bis hin zum Sportunterricht an Münsteraner Schulen im Wandel der Zeit. Sport bietet vielfältige Einblicke in Münsteraner Stadtgeschichte - auch als Sinnbild für gesellschaftliche Entwicklungen. Dabei wurden sowohl Erfolgsmomente beleuchtet, etwa des Damenradsports oder Frauenfußballs als Motoren gesellschaftlicher Emanzipation oder inklusiver Sport als Schritt auf dem Weg in eine inklusivere Gesellschaft, als auch kritische Geschichten nicht ausgeblendet: So haben die jungen Spurensuchenden Geschlechterrollen im Sport bis in die Gegenwart problematisiert, vielfältige Momente von Rassismus im Sport herausgearbeitet und nicht zuletzt Sport als Dimension der menschenfeindlichen NS-Ideologie thematisiert.",2021
22,Mehr als ein Dach über dem Kopf. Wohnen hat Geschichte,Mehr als ein Dach über dem Kopf. Wohnen hat Geschichte,2022,,2023
